image,type,subtype
100161900.png,Rost,Strassenrost
100184900.png,Rost,Strassenrost
100034700.png,Rost,Strassenrost
100003200.png,Vollguss,Handgriff geschlossen
100004000.png,Gussbeton,Pickelloch belueftet
100125300.png,Vollguss,Handgriff geschlossen
100079200.png,Vollguss,"Handgriff geschlossen, verschraubt"
100030400.png,Vollguss,Handgriff geschlossen
100041100.png,Rost,Strassenrost
100046600.png,Gussbeton,Pickelloch belueftet
100104400.png,Vollguss,Handgriff geschlossen
100146100.png,Vollguss,Pickelloch geschlossen
100155900.png,Vollguss,"Handgriff geschlossen, verschraubt"
100005100.png,Vollguss,Pickelloch geschlossen
100085800.png,Vollguss,Handgriff geschlossen
100188800.png,Rost,Strassenrost
100013000.png,Vollguss,Pickelloch geschlossen
100009500.png,Gussbeton,Handgriff seitlich
100092000.png,Vollguss,Handgriff geschlossen
100049100.png,Rost,Strassenrost
100139500.png,Vollguss,Handgriff geschlossen
100020000.png,Gussbeton,Pickelloch geschlossen
100179600.png,Vollguss,Pickelloch geschlossen
100191300.png,Gussbeton,Pickelloch belueftet
100074500.png,Gussbeton,Handgriff mitte
100093500.png,Vollguss,Handgriff geschlossen
100109500.png,Vollguss,Handgriff geschlossen
100010700.png,Vollguss,Handgriff geschlossen
100088900.png,Vollguss,Handgriff geschlossen
100055700.png,Vollguss,Pickelloch geschlossen
100135700.png,Vollguss,"Handgriff geschlossen, verschraubt"
100110300.png,Vollguss,Pickelloch belueftet
100047000.png,Gussbeton,Pickelloch belueftet
100085300.png,Rost,Einlauf rund
100089900.png,Rost,Strassenrost
100011800.png,Vollguss,Pickelloch belueftet
100129900.png,Vollguss,Handgriff geschlossen
100162600.png,Vollguss,Handgriff geschlossen
100178700.png,Rost,Einlauf rund
100215200.png,Vollguss,"Handgriff geschlossen, verschraubt"
100204400.png,Gussbeton,Pickelloch belueftet
100022600.png,Rost,Einlauf rund
100188400.png,Vollguss,Handgriff geschlossen
100190200.png,Rost,Strassenrost
100156900.png,Gussbeton,Pickelloch geschlossen
100089000.png,Vollguss,Pickelloch belueftet
100096000.png,Vollguss,Handgriff geschlossen
100147000.png,Gussbeton,Handgriff seitlich
100208500.png,Vollguss,Handgriff geschlossen
100029100.png,Vollguss,Pickelloch geschlossen
100138000.png,Vollguss,Pickelloch belueftet
100193500.png,Vollguss,Pickelloch belueftet
100094300.png,Rost,Strassenrost
100215600.png,Gussbeton,Pickelloch geschlossen
100068100.png,Rost,Strassenrost
100135800.png,Gussbeton,Pickelloch belueftet
100139100.png,Gussbeton,Pickelloch belueftet
100210500.png,Vollguss,Pickelloch belueftet
100123300.png,Rost,Strassenrost
100001500.png,Vollguss,Pickelloch geschlossen
100137500.png,Rost,Strassenrost
100103700.png,Gussbeton,Pickelloch geschlossen
100080400.png,Vollguss,Pickelloch geschlossen
100112800.png,Vollguss,Pickelloch geschlossen
100205100.png,Vollguss,"Handgriff geschlossen, verschraubt"
100024800.png,Rost,Einlauf rund
100047300.png,Vollguss,Pickelloch geschlossen
100179100.png,Gussbeton,Pickelloch belueftet
100013500.png,Gussbeton,Handgriff seitlich
100216700.png,Gussbeton,Pickelloch geschlossen
100205600.png,Gussbeton,Pickelloch belueftet
100021100.png,Vollguss,Handgriff geschlossen
100039200.png,Rost,Strassenrost
100048300.png,Rost,Strassenrost
100054300.png,Vollguss,Pickelloch geschlossen
100099600.png,Rost,Strassenrost
100165000.png,Vollguss,Handgriff geschlossen
100194100.png,Rost,Strassenrost
100094000.png,Vollguss,Pickelloch belueftet
100043800.png,Vollguss,Handgriff geschlossen
100150400.png,Vollguss,Handgriff geschlossen
100132200.png,Vollguss,Pickelloch geschlossen
100066300.png,Vollguss,Handgriff geschlossen
100130900.png,Rost,Strassenrost
100072100.png,Vollguss,Pickelloch geschlossen
100127600.png,Vollguss,Handgriff geschlossen
100087600.png,Vollguss,Handgriff geschlossen
100195100.png,Rost,Strassenrost
100165700.png,Rost,Strassenrost
100047800.png,Gussbeton,Handgriff seitlich
100191800.png,Rost,Strassenrost
100184300.png,Vollguss,Handgriff geschlossen
100012700.png,Gussbeton,Pickelloch geschlossen
100059100.png,Vollguss,Handgriff geschlossen
100208200.png,Rost,Strassenrost
100073500.png,Vollguss,Pickelloch geschlossen
100102800.png,Gussbeton,Pickelloch geschlossen
100109800.png,Vollguss,Handgriff geschlossen
100055500.png,Vollguss,Handgriff geschlossen
100098500.png,Rost,Strassenrost
100049300.png,Rost,Einlauf rund
100060700.png,Gussbeton,Pickelloch belueftet
100002300.png,Rost,Strassenrost
100157500.png,Gussbeton,Pickelloch geschlossen
100210700.png,Rost,Strassenrost
100010500.png,Vollguss,Handgriff geschlossen
100051000.png,Rost,Einlauf rund
100163900.png,Rost,Strassenrost
100204100.png,Rost,Einlauf rund
100069900.png,Rost,Einlauf rund
100135000.png,Vollguss,"Handgriff geschlossen, verschraubt"
100036400.png,Rost,Strassenrost
100036800.png,Gussbeton,Pickelloch geschlossen
100026800.png,Vollguss,Pickelloch geschlossen
100186600.png,Rost,Strassenrost
100188800.png,Rost,Strassenrost
100132900.png,Gussbeton,Handgriff mitte
100097200.png,Vollguss,Handgriff geschlossen
100001900.png,Vollguss,Handgriff geschlossen
100005500.png,Rost,Strassenrost
100209100.png,Rost,Strassenrost
100133300.png,Rost,Strassenrost
100153100.png,Gussbeton,Handgriff seitlich
100125100.png,Vollguss,Pickelloch geschlossen
100037700.png,Vollguss,Pickelloch geschlossen
100085200.png,Rost,Einlauf rund
100019900.png,Vollguss,Handgriff geschlossen
100188600.png,Vollguss,Pickelloch geschlossen
100198100.png,Gussbeton,Pickelloch geschlossen
100207500.png,Vollguss,Pickelloch geschlossen
100116700.png,Gussbeton,Pickelloch geschlossen
100109700.png,Vollguss,Handgriff geschlossen
100090500.png,Rost,Strassenrost
100066700.png,Gussbeton,Pickelloch geschlossen
100060300.png,Rost,Strassenrost
100109400.png,Gussbeton,Pickelloch geschlossen
100106200.png,Rost,Strassenrost
100179200.png,Rost,Strassenrost
100184400.png,Vollguss,Pickelloch geschlossen
100138100.png,Rost,Strassenrost
100069000.png,Rost,Einlauf rund
100140400.png,Vollguss,"Handgriff geschlossen, verschraubt"
100196000.png,Rost,Strassenrost
100111800.png,Vollguss,Pickelloch belueftet
100134200.png,Rost,Strassenrost
100132000.png,Vollguss,Pickelloch geschlossen
100027200.png,Rost,Strassenrost
100120000.png,Rost,Strassenrost
100101400.png,Vollguss,Handgriff geschlossen
100119900.png,Gussbeton,Pickelloch geschlossen
100189500.png,Rost,Strassenrost
100058700.png,Vollguss,Handgriff geschlossen
100025700.png,Rost,Strassenrost gewoelbt
100003400.png,Gussbeton,Handgriff seitlich
100065000.png,Rost,Strassenrost
100040600.png,Gussbeton,Pickelloch geschlossen
100142100.png,Rost,Strassenrost
100095600.png,Rost,Strassenrost
100197100.png,Vollguss,Handgriff geschlossen
100178300.png,Vollguss,Pickelloch geschlossen
100116300.png,Rost,Strassenrost
100115900.png,Vollguss,Handgriff geschlossen
100157800.png,Rost,Strassenrost
100017200.png,Vollguss,Aufklappbar
100172800.png,Gussbeton,Pickelloch geschlossen
100052900.png,Vollguss,Pickelloch geschlossen
100118300.png,Rost,Strassenrost
100136400.png,Rost,Strassenrost
100158100.png,Vollguss,Pickelloch geschlossen
100067900.png,Vollguss,Handgriff geschlossen
100019800.png,Vollguss,Pickelloch belueftet
100100200.png,Gussbeton,Handgriff seitlich
100068900.png,Vollguss,Pickelloch geschlossen
100178800.png,Gussbeton,Handgriff seitlich
100208000.png,Gussbeton,Pickelloch geschlossen
100072400.png,Vollguss,Handgriff geschlossen
100091700.png,Gussbeton,Handgriff mitte
100106800.png,Vollguss,Handgriff geschlossen
100073900.png,Gussbeton,Pickelloch geschlossen
100107500.png,Vollguss,Pickelloch geschlossen
100056100.png,Rost,Strassenrost
100082600.png,Vollguss,Pickelloch geschlossen
100035900.png,Gussbeton,Pickelloch geschlossen
100139600.png,Vollguss,Pickelloch geschlossen
100073200.png,Vollguss,Pickelloch geschlossen
100082500.png,Gussbeton,Handgriff seitlich
100088600.png,Vollguss,Handgriff geschlossen
100153900.png,Vollguss,Pickelloch geschlossen
100167700.png,Gussbeton,Pickelloch belueftet
100062300.png,Vollguss,Handgriff geschlossen
100080600.png,Vollguss,Pickelloch geschlossen
100213600.png,Vollguss,Pickelloch geschlossen
100083100.png,Rost,Strassenrost
100142600.png,Vollguss,Pickelloch geschlossen
100159300.png,Gussbeton,Handgriff seitlich
100050700.png,Vollguss,Handgriff geschlossen
100041900.png,Rost,Strassenrost
100129700.png,Vollguss,Aufklappbar
100152500.png,Gussbeton,Handgriff seitlich
100111000.png,Vollguss,Pickelloch geschlossen
100000600.png,Vollguss,Pickelloch belueftet
100175100.png,,
100178500.png,,
100167600.png,,
100025000.png,,
100205300.png,,
100033100.png,,
100005000.png,,
100071400.png,,
100139500.png,Vollguss,Handgriff geschlossen
100105200.png,,
100140300.png,,
100109200.png,,
100119300.png,,
100060500.png,,
100113200.png,,
100155400.png,,
100040500.png,,
100207100.png,,
100109600.png,,
100131200.png,,
100137300.png,,
100179700.png,,
100130100.png,,
100037600.png,,
100158300.png,,
100217400.png,,
100140900.png,,
100073400.png,,
100102400.png,,
100076400.png,,
100154100.png,,
100164500.png,,
100045400.png,,
100133500.png,,
100206900.png,,
100204300.png,,
100121000.png,,
100143200.png,,
100016900.png,,
100060900.png,,
100036200.png,,
100181200.png,,
100063900.png,,
100107700.png,,
100123100.png,,
100076700.png,,
100084300.png,,
100015100.png,,
100026700.png,,
100059500.png,,
100133800.png,,
100194400.png,,
100212000.png,,
100149100.png,,
100180700.png,,
100043500.png,,
100043000.png,,
100100800.png,,
100120200.png,,
100214800.png,,
100181400.png,,
100161300.png,,
100161500.png,,
100174600.png,,
100114800.png,,
100064900.png,,
100111000.png,Vollguss,Pickelloch geschlossen
100157700.png,,
100136700.png,,
100128000.png,,
100178900.png,,
100044800.png,,
100200200.png,,
100012000.png,,
100028300.png,,
100141600.png,,
100022800.png,,
100064400.png,,
100212600.png,,
100162400.png,,
100126100.png,,
100118900.png,,
100205900.png,,
100115100.png,,
100175600.png,,
100027800.png,,
100004500.png,,
100066600.png,,
100027500.png,,
100092900.png,,
100003900.png,,
100096400.png,,
100084000.png,,
100032600.png,,
100146400.png,,
100198000.png,,
100127800.png,,
100111600.png,,
100210000.png,,
100199900.png,,
100005400.png,,
100137400.png,,
100194700.png,,
100122500.png,,
100176300.png,,
100135200.png,,
100204200.png,,
100081600.png,,
100177600.png,,
100184100.png,,
100184700.png,,
100193700.png,,
100033500.png,,
100105600.png,,
100141100.png,,
100001700.png,,
100145900.png,,
100002800.png,,
100116400.png,,
100167200.png,,
100147600.png,,
100199700.png,,
100072200.png,,
100010400.png,,
100193300.png,,
100132700.png,,
100156800.png,,
100144200.png,,
100017800.png,,
100003300.png,,
100124400.png,,
100066500.png,,
100159800.png,,
100190400.png,,
100084800.png,,
100075200.png,,
100082200.png,,
100129200.png,,
100188100.png,,
100168300.png,,
100039500.png,,
100202300.png,,
100059400.png,,
100115500.png,,
100038300.png,,
100108500.png,,
100132600.png,,
100110400.png,,
100071900.png,,
100099400.png,,
100070600.png,,
100182900.png,,
100081000.png,,
100029600.png,,
100123600.png,,
100031900.png,,
100185100.png,,
100209900.png,,
100149800.png,,
100002000.png,,
100125400.png,,
100214900.png,,
100117000.png,,
100163300.png,,
100018500.png,,
100135400.png,,
100055200.png,,
100199800.png,,
100062100.png,,
100002100.png,,
100215300.png,,
100143600.png,,
100047700.png,,
100124700.png,,
100155700.png,,
100206500.png,,
100211100.png,,
100077500.png,,
100068500.png,,
100150000.png,,
100043300.png,,
100037200.png,,
100183600.png,,
100037000.png,,
100103200.png,,
100174300.png,,
100127100.png,,
100148200.png,,
100139700.png,,
100016700.png,,
100194200.png,,
100051500.png,,
100132300.png,,
100194300.png,,
100132400.png,,
100082300.png,,
100100600.png,,
100065600.png,,
100072900.png,,
100037100.png,,
100041800.png,,
100044000.png,,
100044900.png,,
100038000.png,,
100030200.png,,
100212500.png,,
100011900.png,,
100171200.png,,
100206200.png,,
100067000.png,,
100077300.png,,
100018800.png,,
100040900.png,,
100032000.png,,
100122600.png,,
100197400.png,,
100057300.png,,
100066300.png,Vollguss,Handgriff geschlossen
100165900.png,,
100092800.png,,
100056700.png,,
100022200.png,,
100046200.png,,
100080500.png,,
100127200.png,,
100040200.png,,
100050000.png,,
100142300.png,,
100004400.png,,
100030600.png,,
100018900.png,,
100085600.png,,
100171800.png,,
100113700.png,,
100115800.png,,
100103400.png,,
100202100.png,,
100062500.png,,
100073600.png,,
100190800.png,,
100001600.png,,
100070800.png,,
100027300.png,,
100091500.png,,
100103300.png,,
100159600.png,,
100165600.png,,
100212800.png,,
100046100.png,,
100069400.png,,
100083800.png,,
100171100.png,,
100166600.png,,
100083400.png,,
100012100.png,,
100192000.png,,
100214600.png,,
100194900.png,,
100096100.png,,
100075700.png,,
100023100.png,,
100103600.png,,
100049900.png,,
100165200.png,,
100124000.png,,
100036500.png,,
100187200.png,,
100199600.png,,
100077900.png,,
100185500.png,,
100150600.png,,
100132500.png,,
100156200.png,,
100056400.png,,
100075300.png,,
100002200.png,,
100189900.png,,
100124600.png,,
100047100.png,,
100160700.png,,
100028600.png,,
100129300.png,,
100014100.png,,
100150200.png,,
100105300.png,,
100187600.png,,
100111200.png,,
100209800.png,,
100191400.png,,
100028200.png,,
100023400.png,,
100215000.png,,
100089500.png,,
100213200.png,,
100094100.png,,
100163600.png,,
100041800.png,,
100054300.png,Vollguss,Pickelloch geschlossen
100161400.png,,
100170600.png,,
100173200.png,,
100020400.png,,
100052700.png,,
100050900.png,,
100183100.png,,
100077600.png,,
100122400.png,,
100134800.png,,
100119200.png,,
100188000.png,,
100033000.png,,
100170800.png,,
100162900.png,,
100070000.png,,
100097900.png,,
100045200.png,,
100209000.png,,
100184200.png,,
100038400.png,,
100161800.png,,
100045500.png,,
100167400.png,,
100122200.png,,
100137800.png,,
100195300.png,,
100143800.png,,
100057900.png,,
100140700.png,,
100104500.png,,
100011700.png,,
100202400.png,,
100020100.png,,
100061200.png,,
100154600.png,,
100064800.png,,
100067500.png,,
100107900.png,,
100124900.png,,
100035600.png,,
100048200.png,,
100025800.png,,
100094800.png,,
100109900.png,,
100084600.png,,
100164900.png,,
100187300.png,,
100192100.png,,
100131900.png,,
100158600.png,,
100152400.png,,
100057200.png,,
100025900.png,,
100134300.png,,
100031100.png,,
100145500.png,,
100116100.png,,
100174200.png,,
100075100.png,,
100006100.png,,
100082900.png,,
100028500.png,,
100021000.png,,
100067800.png,,
100184800.png,,
100035200.png,,
100154500.png,,
100089400.png,,
100017300.png,,
100040100.png,,
100214500.png,,
100155800.png,,
100014200.png,,
100168200.png,,
100118700.png,,
100017700.png,,
100162800.png,,
100067200.png,,
100152900.png,,
100105000.png,,
100040400.png,,
100160200.png,,
100068400.png,,
100070400.png,,
100170000.png,,
100143100.png,,
100160700.png,,
100140100.png,,
100136100.png,,
100151400.png,,
100094400.png,,
100130300.png,,
100016800.png,,
100215500.png,,
100039800.png,,
100048100.png,,
100040700.png,,
100207000.png,,
100182100.png,,
100036300.png,,
100011400.png,,
100182700.png,,
100070900.png,,
100004100.png,,
100098600.png,,
100158800.png,,
100163700.png,,
100017100.png,,
100217200.png,,
100157900.png,,
100045600.png,,
100049600.png,,
100054200.png,,
100173800.png,,
100136000.png,,
100050500.png,,
100126300.png,,
100013500.png,Gussbeton,Handgriff seitlich
100162000.png,,
100078000.png,,
100168300.png,,
100181500.png,,
100209500.png,,
100102500.png,,
100170200.png,,
100181300.png,,
100181900.png,,
100074700.png,,
100189700.png,,
100214000.png,,
100045900.png,,
100015900.png,,
100105800.png,,
100216200.png,,
100198000.png,,
100075600.png,,
100128400.png,,
100039000.png,,
100091100.png,,
100102200.png,,
100152600.png,,
100115700.png,,
100101000.png,,
100169700.png,,
100015700.png,,
100134000.png,,
100124200.png,,
100075000.png,,
100137600.png,,
100108800.png,,
100217000.png,,
100034500.png,,
100091000.png,,
100134100.png,,
100037500.png,,
100045700.png,,
100215400.png,,
100111700.png,,
100023300.png,,
100196900.png,,
100126700.png,,
100082800.png,,
100155300.png,,
100114900.png,,
100200100.png,,
100191400.png,,
100155000.png,,
100088400.png,,
100092500.png,,
100114700.png,,
100047900.png,,
100110200.png,,
100011100.png,,
100203800.png,,
100072500.png,,
100053800.png,,
100144500.png,,
100090300.png,,
100198900.png,,
100212200.png,,
100008000.png,,
100107400.png,,
100116000.png,,
100090200.png,,
100117600.png,,
100171500.png,,
100132800.png,,
100047500.png,,
100126200.png,,
100172700.png,,
100012300.png,,
100151100.png,,
100048000.png,,
100024700.png,,
100062400.png,,
100091600.png,,
100049000.png,,
100079700.png,,
100133400.png,,
100007500.png,,
100046800.png,,
100031700.png,,
100179800.png,,
100029400.png,,
100052200.png,,
100017900.png,,
100009600.png,,
100182500.png,,
100074900.png,,
100084500.png,,
100079900.png,,
100172100.png,,
100081300.png,,
100151500.png,,
100025500.png,,
100130200.png,,
100015400.png,,
100130000.png,,
100044300.png,,
100187700.png,,
100122400.png,,
100021700.png,,
100000800.png,,
100152800.png,,
100028900.png,,
100179400.png,,
100180000.png,,
100064100.png,,
100213100.png,,
100144600.png,,
100205700.png,,
100096700.png,,
100101600.png,,
100016600.png,,
100090900.png,,
100167900.png,,
100197500.png,,
100042300.png,,
100190100.png,,
100192900.png,,
100016000.png,,
100002400.png,,
100085000.png,,
100094500.png,,
100025100.png,,
100085100.png,,
100035500.png,,
100111500.png,,
100160000.png,,
100165100.png,,
100114000.png,,
100019300.png,,
100159200.png,,
100151900.png,,
100006400.png,,
100173000.png,,
100207600.png,,
100048900.png,,
100078800.png,,
100168500.png,,
100080200.png,,
100057400.png,,
100216800.png,,
100160600.png,,
100083000.png,,
100092600.png,,
100194800.png,,
100093600.png,,
100022300.png,,
100142800.png,,
100095700.png,,
100053300.png,,
100033900.png,,
100043600.png,,
100008400.png,,
100129800.png,,
100127300.png,,
100181600.png,,
100143700.png,,
100197200.png,,
100108200.png,,
100065700.png,,
100126400.png,,
100099200.png,,
100112000.png,,
100040000.png,,
100088100.png,,
100023800.png,,
100000700.png,,
100095600.png,Rost,Strassenrost
100122900.png,,
100121400.png,,
100192800.png,,
100199400.png,,
100047900.png,,
100041500.png,,
100124300.png,,
100135600.png,,
100049400.png,,
100004300.png,,
100182200.png,,
100143800.png,,
100195400.png,,
100006200.png,,
100080100.png,,
100084700.png,,
100034200.png,,
100130500.png,,
100106400.png,,
100018700.png,,
100127700.png,,
100024200.png,,
100099800.png,,
100158900.png,,
100186200.png,,
100086000.png,,
100098800.png,,
100043100.png,,
100036600.png,,
100216500.png,,
100023200.png,,
100205400.png,,
100005300.png,,
100185200.png,,
100062700.png,,
100160900.png,,
100049500.png,,
100116300.png,Rost,Strassenrost
100146700.png,,
100186300.png,,
100038200.png,,
100120900.png,,
100203500.png,,
100101100.png,,
100035300.png,,
100204800.png,,
100102600.png,,
100086100.png,,
100110900.png,,
100006900.png,,
100039300.png,,
100137200.png,,
100024900.png,,
100185300.png,,
100176600.png,,
100081900.png,,
100026500.png,,
100002600.png,,
100090000.png,,
100180200.png,,
100200000.png,,
100207900.png,,
100196300.png,,
100030800.png,,
100110100.png,,
100099000.png,,
100027900.png,,
100145400.png,,
100112300.png,,
100196600.png,,
100163000.png,,
100090600.png,,
100066400.png,,
100103600.png,,
100134600.png,,
100124900.png,,
100168700.png,,
100128200.png,,
100213900.png,,
100144900.png,,
100012600.png,,
100193900.png,,
100121800.png,,
100180800.png,,
100000500.png,,
100083700.png,,
100056000.png,,
100216600.png,,
100042600.png,,
100112500.png,,
100149400.png,,
100131700.png,,
100059600.png,,
100053700.png,,
100159100.png,,
100134100.png,,
100020600.png,,
100192700.png,,
100199300.png,,
100201300.png,,
100026100.png,,
100020700.png,,
100131300.png,,
100072000.png,,
100088800.png,,
100202600.png,,
100192500.png,,
100078400.png,,
100133000.png,,
100187900.png,,
100129000.png,,
100193200.png,,
100051100.png,,
100086700.png,,
100191700.png,,
100157400.png,,
100073800.png,,
100144400.png,,
100206400.png,,
100213000.png,,
100114600.png,,
100191100.png,,
100015500.png,,
100105500.png,,
100092400.png,,
100112100.png,,
100023000.png,,
100198600.png,,
100130500.png,,
100112400.png,,
100107300.png,,
100193600.png,,
100070100.png,,
100104300.png,,
100078500.png,,
100164200.png,,
100212800.png,,
100197800.png,,
100044100.png,,
100068800.png,,
100007600.png,,
100007400.png,,
100003000.png,,
100069800.png,,
100050800.png,,
100209400.png,,
100035400.png,,
100001400.png,,
100009900.png,,
100008600.png,,
100011300.png,,
100151700.png,,
100001200.png,,
100037800.png,,
100216000.png,,
100042400.png,,
100069500.png,,
100130600.png,,
100117600.png,,
100105900.png,,
100047200.png,,
100168600.png,,
100145700.png,,
100032900.png,,
100116800.png,,
100157100.png,,
100098100.png,,
100100500.png,,
100051300.png,,
100095900.png,,
100133200.png,,
100094200.png,,
100133600.png,,
100183900.png,,
100186400.png,,
100069700.png,,
100039700.png,,
100047400.png,,
100013800.png,,
100206700.png,,
100057700.png,,
100061500.png,,
100091900.png,,
100178200.png,,
100189400.png,,
100202000.png,,
100031600.png,,
100185000.png,,
100211600.png,,
100057600.png,,
100110000.png,,
100097700.png,,
100187600.png,,
100060200.png,,
100148500.png,,
100203600.png,,
100195700.png,,
100071700.png,,
100099900.png,,
100053900.png,,
100095800.png,,
100155200.png,,
100059700.png,,
100046400.png,,
100032400.png,,
100150700.png,,
100127400.png,,
100175300.png,,
100164600.png,,
100130700.png,,
100071100.png,,
100102000.png,,
100096900.png,,
100088700.png,,
100085700.png,,
100111300.png,,
100070200.png,,
100021500.png,,
100142500.png,,
100146900.png,,
100130800.png,,
100066000.png,,
100214700.png,,
100096000.png,Vollguss,Handgriff geschlossen
100207300.png,,
100208300.png,,
100008100.png,,
100171900.png,,
100146800.png,,
100122300.png,,
100215700.png,,
100006300.png,,
100179300.png,,
100128300.png,,
100176500.png,,
100075400.png,,
100081400.png,,
100068300.png,,
100006000.png,,
100117500.png,,
100078700.png,,
100136200.png,,
100038600.png,,
100085800.png,Vollguss,Handgriff geschlossen
100203900.png,,
100166700.png,,
100061400.png,,
100046000.png,,
100142900.png,,
100177100.png,,
100074000.png,,
100169000.png,,
100051700.png,,
100055800.png,,
100144800.png,,
100024400.png,,
100199000.png,,
100208700.png,,
100088500.png,,
100153400.png,,
100121100.png,,
100176800.png,,
100097400.png,,
100054700.png,,
100037400.png,,
100188200.png,,
100188700.png,,
100164100.png,,
100015200.png,,
100023900.png,,
100003800.png,,
100087000.png,,
100019900.png,Vollguss,Handgriff geschlossen
100026200.png,,
100095500.png,,
100128800.png,,
100038800.png,,
100125000.png,,
100070300.png,,
100089200.png,,
100055300.png,,
100058300.png,,
100170300.png,,
100111400.png,,
100150300.png,,
100068200.png,,
100154000.png,,
100077100.png,,
100080900.png,,
100097300.png,,
100095000.png,,
100217600.png,,
100209600.png,,
100083300.png,,
100215100.png,,
100015600.png,,
100148600.png,,
100052500.png,,
100108300.png,,
100166400.png,,
100103900.png,,
100005600.png,,
100037300.png,,
100196800.png,,
100043400.png,,
100005200.png,,
100170900.png,,
100007100.png,,
100030700.png,,
100019500.png,,
100049700.png,,
100185700.png,,
100024000.png,,
100090700.png,,
100063500.png,,
100086500.png,,
100038700.png,,
100054800.png,,
100055000.png,,
100039100.png,,
100201000.png,,
100059000.png,,
100088000.png,,
100210200.png,,
100113500.png,,
100099500.png,,
100168000.png,,
100176700.png,,
100141200.png,,
100101200.png,,
100008700.png,,
100097000.png,,
100201800.png,,
100005800.png,,
100110500.png,,
100047600.png,,
100001300.png,,
100014800.png,,
100011200.png,,
100170100.png,,
100076500.png,,
100148900.png,,
100056200.png,,
100025200.png,,
100034800.png,,
100142700.png,,
100029300.png,,
100021900.png,,
100073000.png,,
100004900.png,,
100131800.png,,
100190500.png,,
100200800.png,,
100078600.png,,
100141300.png,,
100058100.png,,
100065200.png,,
100019000.png,,
100096500.png,,
100136500.png,,
100213300.png,,
100210300.png,,
100159500.png,,
100123700.png,,
100013100.png,,
100180100.png,,
100101200.png,,
100100000.png,,
100175500.png,,
100192400.png,,
100031500.png,,
100199500.png,,
100077800.png,,
100114400.png,,
100154900.png,,
100143000.png,,
100058400.png,,
100151300.png,,
100032300.png,,
100074200.png,,
100125200.png,,
100115200.png,,
100012900.png,,
100190600.png,,
100203400.png,,
100109300.png,,
100104700.png,,
100101900.png,,
100141800.png,,
100027600.png,,
100004700.png,,
100106100.png,,
100044600.png,,
100217300.png,,
100125700.png,,
100206000.png,,
100024700.png,,
100104600.png,,
100073700.png,,
100093000.png,,
100128500.png,,
100064200.png,,
100128700.png,,
100163800.png,,
100137700.png,,
100212100.png,,
100191600.png,,
100175800.png,,
100186900.png,,
100157600.png,,
100096300.png,,
100129100.png,,
100212400.png,,
100059900.png,,
100192200.png,,
100087900.png,,
100080700.png,,
100113800.png,,
100025100.png,,
100153100.png,Gussbeton,Handgriff seitlich
100022400.png,,
100131400.png,,
100010100.png,,
100118600.png,,
100136000.png,,
100092300.png,,
100058800.png,,
100058200.png,,
100120700.png,,
100069900.png,Rost,Einlauf rund
100028100.png,,
100211200.png,,
100121200.png,,
100140500.png,,
100034000.png,,
100214300.png,,
100044700.png,,
100068600.png,,
100099100.png,,
100010300.png,,
100083500.png,,
100113600.png,,
100048700.png,,
100081500.png,,
100103000.png,,
100152300.png,,
100131000.png,,
100172600.png,,
100046700.png,,
100079500.png,,
100075800.png,,
100111100.png,,
100096200.png,,
100046900.png,,
100065300.png,,
100126000.png,,
100143400.png,,
100205200.png,,
100162500.png,,
100017000.png,,
100213700.png,,
100170600.png,,
100022000.png,,
100189800.png,,
100193400.png,,
100096600.png,,
100134400.png,,
100154700.png,,
100121600.png,,
100196500.png,,
100009300.png,,
100208400.png,,
100187100.png,,
100171600.png,,
100213500.png,,
100161100.png,,
100116200.png,,
100013600.png,,
100141400.png,,
100183700.png,,
100053500.png,,
100183200.png,,
100094900.png,,
100214400.png,,
100167800.png,,
100177000.png,,
100173300.png,,
100022600.png,Rost,Einlauf rund
100205000.png,,
100083600.png,,
100204600.png,,
100143900.png,,
100187000.png,,
100076800.png,,
100120800.png,,
100016100.png,,
100156300.png,,
100063000.png,,
100008900.png,,
100190700.png,,
100197900.png,,
100069600.png,,
100094600.png,,
100125500.png,,
100073400.png,,
100178600.png,,
100106700.png,,
100124800.png,,
100082400.png,,
100184500.png,,
100015000.png,,
100172200.png,,
100138900.png,,
100064000.png,,
100195900.png,,
100001000.png,,
100195800.png,,
100065800.png,,
100203700.png,,
100187500.png,,
100004900.png,,
100123500.png,,
100145000.png,,
100129600.png,,
100125900.png,,
100032800.png,,
100128100.png,,
100175900.png,,
100174100.png,,
100031800.png,,
100079100.png,,
100036900.png,,
100090800.png,,
100039400.png,,
100086900.png,,
100153200.png,,
100212300.png,,
100200300.png,,
100177800.png,,
100073100.png,,
100102900.png,,
100139900.png,,
100091400.png,,
100119000.png,,
100029900.png,,
100168900.png,,
100152700.png,,
100138600.png,,
100114200.png,,
100196500.png,,
100162300.png,,
100021800.png,,
100156600.png,,
100196100.png,,
100207400.png,,
100103800.png,,
100055600.png,,
100062800.png,,
100183800.png,,
100013200.png,,
100100000.png,,
100150100.png,,
100079600.png,,
100089100.png,,
100045300.png,,
100033600.png,,
100000300.png,,
100156500.png,,
100170500.png,,
100177300.png,,
100062600.png,,
100063100.png,,
100063700.png,,
100176200.png,,
100026400.png,,
100020800.png,,
100062200.png,,
100159900.png,,
100054600.png,,
100057800.png,,
100104100.png,,
100185700.png,,
100020200.png,,
100066200.png,,
100109100.png,,
100085900.png,,
100021200.png,,
100183000.png,,
100123000.png,,
100042500.png,,
100148700.png,,
100071500.png,,
100087100.png,,
100077200.png,,
100141700.png,,
100100400.png,,
100035000.png,,
100033400.png,,
100189300.png,,
100171900.png,,
100145600.png,,
100066900.png,,
100064700.png,,
100217500.png,,
100049800.png,,
100057000.png,,
100030900.png,,
100094000.png,Vollguss,Pickelloch belueftet
100177900.png,,
100184600.png,,
100182300.png,,
100104000.png,,
100183500.png,,
100115400.png,,
100158500.png,,
100085400.png,,
100132500.png,,
100112700.png,,
100005900.png,,
100147800.png,,
100201200.png,,
100156700.png,,
100025600.png,,
100202700.png,,
100114300.png,,
100140200.png,,
100086400.png,,
100104900.png,,
100148300.png,,
100001700.png,,
100077400.png,,
100084400.png,,
100204200.png,,
100120500.png,,
100090400.png,,
100107800.png,,
100050400.png,,
100007700.png,,
100135100.png,,
100075800.png,,
100097600.png,,
100136600.png,,
100155100.png,,
100055100.png,,
100189200.png,,
100137100.png,,
100000200.png,,
100198300.png,,
100022100.png,,
100071100.png,,
100190500.png,,
100194600.png,,
100026600.png,,
100185800.png,,
100126500.png,,
100166800.png,,
100213400.png,,
100077700.png,,
100002500.png,,
100208600.png,,
100182400.png,,
100175700.png,,
100044400.png,,
100172300.png,,
100166700.png,,
100019400.png,,
100169600.png,,
100050600.png,,
100197000.png,,
100151800.png,,
100080800.png,,
100178000.png,,
100076200.png,,
100112200.png,,
100102100.png,,
100059200.png,,
100106500.png,,
100170700.png,,
100187400.png,,
100051200.png,,
100129400.png,,
100211200.png,,
100017500.png,,
100061600.png,,
100035700.png,,
100074400.png,,
100144100.png,,
100034400.png,,
100043200.png,,
100161000.png,,
100014700.png,,
100052000.png,,
100043900.png,,
100000400.png,,
100131500.png,,
100112600.png,,
100019100.png,,
100050200.png,,
100144700.png,,
100009700.png,,
100128600.png,,
100173500.png,,
100054100.png,,
100004600.png,,
100105600.png,,
100201100.png,,
100193100.png,,
100210800.png,,
100191000.png,,
100028400.png,,
100099700.png,,
100173100.png,,
100147700.png,,
100038500.png,,
100117800.png,,
100092700.png,,
100053200.png,,
100007000.png,,
100146200.png,,
100186500.png,,
100207800.png,,
100198700.png,,
100007900.png,,
100032500.png,,
100076000.png,,
100202200.png,,
100122700.png,,
100061000.png,,
100087500.png,,
100022000.png,,
100209300.png,,
100179000.png,,
100133900.png,,
100079400.png,,
100123200.png,,
100134900.png,,
100181800.png,,
100177400.png,,
100143100.png,,
100207700.png,,
100121900.png,,
100054900.png,,
100060100.png,,
100129500.png,,
100046500.png,,
100174800.png,,
100020300.png,,
100003700.png,,
100120600.png,,
100114100.png,,
100117300.png,,
100109000.png,,
100027100.png,,
100153700.png,,
100105100.png,,
100160100.png,,
100174500.png,,
100012800.png,,
100019600.png,,
100139300.png,,
100118200.png,,
100099300.png,,
100216900.png,,
100178100.png,,
100042200.png,,
100131100.png,,
100061700.png,,
100073300.png,,
100105000.png,,
100052100.png,,
100106000.png,,
100041200.png,,
100180900.png,,
100148000.png,,
100093800.png,,
100124100.png,,
100210400.png,,
100171700.png,,
100100700.png,,
100167500.png,,
100037800.png,,
100087700.png,,
100058500.png,,
100124500.png,,
100093700.png,,
100125600.png,,
100000100.png,,
100040800.png,,
100212700.png,,
100163500.png,,
100046300.png,,
100215900.png,,
100074100.png,,
100059900.png,,
100101500.png,,
100130400.png,,
100170400.png,,
100166000.png,,
100210100.png,,
100145200.png,,
100069300.png,,
100019700.png,,
100066100.png,,
100180600.png,,
100095400.png,,
100149700.png,,
100018600.png,,
100039600.png,,
100154200.png,,
100201400.png,,
100108900.png,,
100009200.png,,
100119600.png,,
100136800.png,,
100198200.png,,
100031400.png,,
100200600.png,,
100147500.png,,
100079300.png,,
100095300.png,,
100038900.png,,
100011500.png,,
100206300.png,,
100020900.png,,
100194000.png,,
100152100.png,,
100065500.png,,
100078400.png,,
100107000.png,,
100113100.png,,
100058900.png,,
100067300.png,,
100216400.png,,
100208100.png,,
100211400.png,,
100178800.png,Gussbeton,Handgriff seitlich
100103100.png,,
100188500.png,,
100176400.png,,
100217800.png,,
100209200.png,,
100160400.png,,
100045000.png,,
100081100.png,,
100205800.png,,
100105700.png,,
100045100.png,,
100006600.png,,
100042800.png,,
100021400.png,,
100107200.png,,
100052400.png,,
100052300.png,,
100102300.png,,
100200700.png,,
100004800.png,,
100216100.png,,
100043700.png,,
100088300.png,,
100006700.png,,
100030500.png,,
100036000.png,,
100120100.png,,
100146500.png,,
100137900.png,,
100138800.png,,
100201700.png,,
100026000.png,,
100202900.png,,
100063400.png,,
100027700.png,,
100014900.png,,
100197600.png,,
100041300.png,,
100007800.png,,
100113400.png,,
100157000.png,,
100068000.png,,
100038100.png,,
100140000.png,,
100137000.png,,
100029000.png,,
100095800.png,,
100169400.png,,
100065900.png,,
100116900.png,,
100013900.png,,
100053600.png,,
100148100.png,,
100126800.png,,
100135500.png,,
100091800.png,,
100107600.png,,
100016200.png,,
100034600.png,,
100051600.png,,
100024600.png,,
100108700.png,,
100162200.png,,
100212900.png,,
100173700.png,,
100164000.png,,
100149600.png,,
100141000.png,,
100104900.png,,
100217900.png,,
100169500.png,,
100216300.png,,
100098500.png,Rost,Strassenrost
100096800.png,,
100164700.png,,
100198400.png,,
100034300.png,,
100199600.png,,
100001100.png,,
100067100.png,,
100085500.png,,
100008300.png,,
100106600.png,,
100042000.png,,
100110800.png,,
100169300.png,,
100147200.png,,
100108700.png,,
100165800.png,,
100190900.png,,
100161600.png,,
100171400.png,,
100167000.png,,
100175400.png,,
100022700.png,,
100196700.png,,
100146600.png,,
100105400.png,,
100168800.png,,
100056900.png,,
100185400.png,,
100204500.png,,
100001800.png,,
100012200.png,,
100108000.png,,
100190000.png,,
100142300.png,,
100117900.png,,
100096800.png,,
100103800.png,,
100025300.png,,
100155500.png,,
100098300.png,,
100136900.png,,
100191500.png,,
100157200.png,,
100158200.png,,
100032100.png,,
100115000.png,,
100031300.png,,
100182800.png,,
100010800.png,,
100048600.png,,
100178400.png,,
100112900.png,,
100074600.png,,
100086200.png,,
100050000.png,,
100197700.png,,
100189000.png,,
100098400.png,,
100147900.png,,
100139800.png,,
100056300.png,,
100160500.png,,
100154300.png,,
100166200.png,,
100122800.png,,
100211700.png,,
100093900.png,,
100158000.png,,
100169800.png,,
100064300.png,,
100054000.png,,
100043600.png,,
100193000.png,,
100077000.png,,
100125800.png,,
100087300.png,,
100195000.png,,
100045800.png,,
100009800.png,,
100063600.png,,
100011100.png,,
100134700.png,,
100041700.png,,
100206800.png,,
100201600.png,,
100012500.png,,
100104800.png,,
100029500.png,,
100203200.png,,
100209700.png,,
100031200.png,,
100021300.png,,
100020500.png,,
100172900.png,,
100022500.png,,
100157300.png,,
100166100.png,,
100058000.png,,
100116600.png,,
100034300.png,,
100152000.png,,
100040000.png,,
100093300.png,,
100052600.png,,
100138400.png,,
100167300.png,,
100053000.png,,
100174000.png,,
100115300.png,,
100202500.png,,
100031000.png,,
100145100.png,,
100087200.png,,
100061500.png,,
100154800.png,,
100118400.png,,
100164800.png,,
100060400.png,,
100149900.png,,
100119800.png,,
100110600.png,,
100092200.png,,
100059800.png,,
100217700.png,,
100071000.png,,
100199100.png,,
100029200.png,,
100205500.png,,
100032700.png,,
100074800.png,,
100108100.png,,
100167100.png,,
100036700.png,,
100150900.png,,
100076100.png,,
100089700.png,,
100071300.png,,
100179900.png,,
100034100.png,,
100114700.png,,
100169900.png,,
100137900.png,,
100033200.png,,
100002700.png,,
100204000.png,,
100131500.png,,
100151200.png,,
100084100.png,,
100203100.png,,
100061800.png,,
100172000.png,,
100003100.png,,
100093100.png,,
100079800.png,,
100030200.png,,
100168400.png,,
100192600.png,,
100015300.png,,
100015800.png,,
100100300.png,,
100036100.png,,
100072800.png,,
100056600.png,,
100018300.png,,
100000000.png,,
100211500.png,,
100082100.png,,
100183300.png,,
100162700.png,,
100145300.png,,
100065400.png,,
100122100.png,,
100159700.png,,
100056800.png,,
100011000.png,,
100093400.png,,
100049200.png,,
100189100.png,,
100078200.png,,
100030000.png,,
100028000.png,,
100057500.png,,
100147400.png,,
100100900.png,,
100153000.png,,
100172500.png,,
100138500.png,,
100035100.png,,
100082000.png,,
100032200.png,,
100052800.png,,
100210900.png,,
100094700.png,,
100121700.png,,
100009000.png,,
100098900.png,,
100141500.png,,
100010600.png,,
100131600.png,,
100023600.png,,
100100100.png,,
100117700.png,,
100117200.png,,
100053100.png,,
100086300.png,,
100012400.png,,
100023900.png,,
100067700.png,,
100163200.png,,
100150500.png,,
100179500.png,,
100153600.png,,
100088200.png,,
100162100.png,,
100062900.png,,
100117100.png,,
100054400.png,,
100037900.png,,
100072700.png,,
100070500.png,,
100055700.png,Vollguss,Pickelloch geschlossen
100177400.png,,
100144000.png,,
100120400.png,,
100145800.png,,
100153800.png,,
100027000.png,,
100010600.png,,
100061300.png,,
100029800.png,,
100186000.png,,
100016300.png,,
100064600.png,,
100198600.png,,
100063800.png,,
100203000.png,,
100106900.png,,
100181000.png,,
100003500.png,,
100185900.png,,
100084200.png,,
100066800.png,,
100156100.png,,
100175200.png,,
100192300.png,,
100065100.png,,
100086800.png,,
100165500.png,,
100211300.png,,
100164400.png,,
100144300.png,,
100139400.png,,
100029700.png,,
100092100.png,,
100211100.png,,
100067400.png,,
100048500.png,,
100071600.png,,
100014000.png,,
100169200.png,,
100176900.png,,
100063200.png,,
100160800.png,,
100215800.png,,
100053000.png,,
100051900.png,,
100194500.png,,
100188900.png,,
100071200.png,,
100034900.png,,
100201500.png,,
100023500.png,,
100026900.png,,
100127500.png,,
100080300.png,,
100097100.png,,
100039900.png,,
100180300.png,,
100060800.png,,
100087400.png,,
100008200.png,,
100214900.png,,
100208800.png,,
100177700.png,,
100064500.png,,
100107100.png,,
100024300.png,,
100111900.png,,
100204700.png,,
100118100.png,,
100158700.png,,
100024500.png,,
100108500.png,,
100042900.png,,
100195500.png,,
100148400.png,,
100186900.png,,
100155600.png,,
100166900.png,,
100094800.png,,
100007300.png,,
100191900.png,,
100168800.png,,
100138700.png,,
100014300.png,,
100180500.png,,
100197300.png,,
100217100.png,,
100044500.png,,
100113300.png,,
100079000.png,,
100150800.png,,
100017400.png,,
100050100.png,,
100158400.png,,
100097800.png,,
100201900.png,,
100152200.png,,
100148800.png,,
100027400.png,,
100147100.png,,
100081200.png,,
100206600.png,,
100163400.png,,
100116500.png,,
100218000.png,,
100028800.png,,
100180400.png,,
100074300.png,,
100121300.png,,
100208900.png,,
100101300.png,,
100175000.png,,
100186700.png,,
100053900.png,,
100198800.png,,
100041000.png,,
100194000.png,,
100198500.png,,
100072600.png,,
100025400.png,,
100051400.png,,
100033300.png,,
100132100.png,,
100089600.png,,
100121500.png,,
100174900.png,,
100062000.png,,
100076600.png,,
100146000.png,,
100165300.png,,
100024100.png,,
100098700.png,,
100082700.png,,
100196400.png,,
100048400.png,,
100013400.png,,
100189600.png,,
100191200.png,,
100056500.png,,
100014400.png,,
100095100.png,,
100033800.png,,
100200900.png,,
100069100.png,,
100182600.png,,
100089300.png,,
100044200.png,,
100098000.png,,
100101800.png,,
100126900.png,,
100061100.png,,
100202800.png,,
100013300.png,,
100108600.png,,
100061900.png,,
100028700.png,,
100190300.png,,
100211000.png,,
100138300.png,,
100143300.png,,
100078900.png,,
100072300.png,,
100165400.png,,
100007200.png,,
100181100.png,,
100054500.png,,
100084900.png,,
100196200.png,,
100151000.png,,
100128700.png,,
100174400.png,,
100119500.png,,
100059300.png,,
100177200.png,,
100149000.png,,
100138300.png,,
100078100.png,,
100128900.png,,
100163100.png,,
100203300.png,,
100118000.png,,
100173600.png,,
100148600.png,,
100110700.png,,
100009900.png,,
100196400.png,,
100113900.png,,
100070700.png,,
100091200.png,,
100149300.png,,
100213800.png,,
100017600.png,,
100089800.png,,
100120300.png,,
100154400.png,,
100123900.png,,
100204900.png,,
100040300.png,,
100080000.png,,
100114400.png,,
100171300.png,,
100083900.png,,
100009100.png,,
100048800.png,,
100193800.png,,
100055900.png,,
100161200.png,,
100184000.png,,
100087800.png,,
100140600.png,,
100115600.png,,
100104200.png,,
100075500.png,,
100095200.png,,
100101800.png,,
100134500.png,,
100139000.png,,
100141900.png,,
100117400.png,,
100081700.png,,
100118500.png,,
100055400.png,,
100016400.png,,
100177500.png,,
100207200.png,,
100199200.png,,
100005700.png,,
100159000.png,,
100030300.png,,
100042100.png,,
100030100.png,,
100166500.png,,
100211900.png,,
100098200.png,,
100149500.png,,
100006800.png,,
100081800.png,,
100075300.png,,
100113000.png,,
100001300.png,,
100060600.png,,
100174700.png,,
100164300.png,,
100014500.png,,
100171000.png,,
100142400.png,,
100064600.png,,
100018400.png,,
100002900.png,,
100118800.png,,
100168100.png,,
100091300.png,,
100069200.png,,
100050300.png,,
100210600.png,,
100033700.png,,
100013700.png,,
100026300.png,,
100063300.png,,
100000900.png,,
100159400.png,,
100214200.png,,
100106300.png,,
100097500.png,,
100185600.png,,
100057100.png,,
100042700.png,,
100051800.png,,
100135300.png,,
100086600.png,,
100123400.png,,
100058600.png,,
100019200.png,,
100173900.png,,
100008500.png,,
100076900.png,,
100172400.png,,
100158200.png,,
100023700.png,,
100119100.png,,
100018000.png,,
100053400.png,,
100093200.png,,
100195600.png,,
100108400.png,,
100195200.png,,
100076300.png,,
100186100.png,,
100114500.png,,
100011600.png,,
100186800.png,,
100078300.png,,
100214100.png,,
100021600.png,,
100068700.png,,
100182000.png,,
100016500.png,,
100143500.png,,
100142000.png,,
100136300.png,,
100111100.png,,
100169100.png,,
100211800.png,,
100161700.png,,
100183400.png,,
100003600.png,,
100018200.png,,
100102700.png,,
100022900.png,,
100009400.png,,
100127000.png,,
100149200.png,,
100075900.png,,
100033600.png,,
100178300.png,Vollguss,Pickelloch geschlossen
100083200.png,,
100041400.png,,
100123800.png,,
100146300.png,,
100140800.png,,
100133700.png,,
100176100.png,,
100206100.png,,
100041600.png,,
100126600.png,,
100151600.png,,
100153500.png,,
100006500.png,,
100036100.png,,
100101700.png,,
100173900.png,,
100156000.png,,
100122000.png,,
100018100.png,,
100181700.png,,
100127900.png,,
100187800.png,,
100142200.png,,
100166300.png,,
100071800.png,,
100176000.png,,
100035800.png,,
100138200.png,,
100153300.png,,
100103500.png,,
100139200.png,,
100014600.png,,
100133100.png,,
100160300.png,,
100147300.png,,
100200500.png,,
100182000.png,,
100156400.png,,
100173400.png,,
100067600.png,,
100188300.png,,
100117400.png,,
100160600.png,,
100090100.png,,
100004200.png,,
100200400.png,,
100135900.png,,
